"Id","Class"
14397,10
14398,10
14399,2
14400,10
14401,5
14402,2
14403,10
14404,2
14405,5
14406,10
14407,10
14408,10
14409,5
14410,10
14411,10
14412,3
14413,5
14414,10
14415,10
14416,10
14417,10
14418,10
14419,10
14420,10
14421,10
14422,9
14423,10
14424,10
14425,10
14426,10
14427,2
14428,0
14429,8
14430,10
14431,8
14432,10
14433,10
14434,6
14435,0
14436,10
14437,10
14438,5
14439,10
14440,10
14441,3
14442,6
14443,10
14444,2
14445,10
14446,10
14447,10
14448,2
14449,8
14450,5
14451,8
14452,10
14453,10
14454,6
14455,10
14456,10
14457,8
14458,10
14459,0
14460,6
14461,10
14462,10
14463,10
14464,10
14465,0
14466,10
14467,10
14468,10
14469,10
14470,10
14471,7
14472,10
14473,5
14474,10
14475,10
14476,9
14477,10
14478,6
14479,6
14480,7
14481,10
14482,3
14483,0
14484,10
14485,10
14486,5
14487,5
14488,5
14489,0
14490,0
14491,10
14492,0
14493,8
14494,2
14495,2
14496,10
14497,2
14498,10
14499,10
14500,10
14501,6
14502,5
14503,10
14504,10
14505,10
14506,8
14507,6
14508,10
14509,10
14510,10
14511,10
14512,6
14513,10
14514,2
14515,10
14516,5
14517,10
14518,2
14519,5
14520,10
14521,10
14522,5
14523,10
14524,5
14525,2
14526,2
14527,10
14528,2
14529,7
14530,2
14531,10
14532,2
14533,10
14534,7
14535,2
14536,2
14537,10
14538,8
14539,10
14540,10
14541,10
14542,9
14543,0
14544,10
14545,8
14546,0
14547,10
14548,5
14549,9
14550,10
14551,7
14552,6
14553,10
14554,10
14555,5
14556,10
14557,10
14558,10
14559,2
14560,10
14561,2
14562,10
14563,10
14564,5
14565,10
14566,10
14567,4
14568,10
14569,10
14570,2
14571,10
14572,10
14573,10
14574,10
14575,5
14576,6
14577,2
14578,4
14579,6
14580,10
14581,10
14582,2
14583,8
14584,2
14585,10
14586,0
14587,2
14588,10
14589,10
14590,10
14591,10
14592,8
14593,6
14594,6
14595,9
14596,9
14597,10
14598,10
14599,10
14600,10
14601,10
14602,10
14603,8
14604,10
14605,10
14606,10
14607,0
14608,10
14609,10
14610,10
14611,10
14612,10
14613,10
14614,10
14615,6
14616,10
14617,0
14618,8
14619,6
14620,10
14621,10
14622,2
14623,8
14624,10
14625,8
14626,2
14627,5
14628,10
14629,5
14630,3
14631,10
14632,7
14633,9
14634,2
14635,2
14636,10
14637,10
14638,10
14639,6
14640,10
14641,6
14642,2
14643,0
14644,7
14645,10
14646,10
14647,2
14648,10
14649,10
14650,10
14651,10
14652,6
14653,10
14654,10
14655,10
14656,10
14657,0
14658,8
14659,10
14660,2
14661,10
14662,2
14663,10
14664,6
14665,7
14666,5
14667,2
14668,2
14669,5
14670,2
14671,6
14672,6
14673,10
14674,10
14675,2
14676,10
14677,9
14678,8
14679,10
14680,10
14681,2
14682,8
14683,10
14684,10
14685,10
14686,7
14687,2
14688,6
14689,5
14690,3
14691,10
14692,6
14693,5
14694,3
14695,0
14696,2
14697,10
14698,2
14699,10
14700,10
14701,10
14702,10
14703,7
14704,10
14705,6
14706,5
14707,5
14708,10
14709,4
14710,9
14711,2
14712,10
14713,9
14714,8
14715,10
14716,10
14717,10
14718,10
14719,10
14720,10
14721,5
14722,2
14723,5
14724,10
14725,10
14726,10
14727,2
14728,8
14729,0
14730,9
14731,10
14732,0
14733,10
14734,10
14735,6
14736,10
14737,3
14738,10
14739,10
14740,10
14741,3
14742,7
14743,8
14744,10
14745,10
14746,2
14747,10
14748,8
14749,8
14750,10
14751,10
14752,10
14753,10
14754,8
14755,9
14756,8
14757,2
14758,10
14759,10
14760,6
14761,10
14762,0
14763,2
14764,9
14765,2
14766,2
14767,10
14768,10
14769,10
14770,10
14771,2
14772,2
14773,5
14774,2
14775,2
14776,5
14777,6
14778,10
14779,0
14780,10
14781,0
14782,2
14783,10
14784,8
14785,10
14786,10
14787,8
14788,10
14789,10
14790,2
14791,10
14792,0
14793,6
14794,10
14795,8
14796,10
14797,2
14798,10
14799,10
14800,10
14801,9
14802,2
14803,7
14804,10
14805,0
14806,10
14807,10
14808,6
14809,10
14810,10
14811,2
14812,10
14813,3
14814,5
14815,10
14816,10
14817,10
14818,6
14819,0
14820,10
14821,10
14822,8
14823,10
14824,10
14825,2
14826,10
14827,10
14828,8
14829,10
14830,8
14831,2
14832,10
14833,10
14834,2
14835,10
14836,8
14837,5
14838,10
14839,10
14840,2
14841,10
14842,8
14843,2
14844,10
14845,10
14846,10
14847,6
14848,10
14849,10
14850,2
14851,10
14852,6
14853,2
14854,10
14855,10
14856,5
14857,10
14858,10
14859,3
14860,10
14861,10
14862,8
14863,10
14864,8
14865,5
14866,10
14867,0
14868,10
14869,10
14870,10
14871,10
14872,2
14873,2
14874,2
14875,5
14876,10
14877,10
14878,5
14879,8
14880,2
14881,10
14882,10
14883,10
14884,6
14885,10
14886,0
14887,6
14888,2
14889,10
14890,2
14891,8
14892,6
14893,8
14894,10
14895,10
14896,10
14897,6
14898,2
14899,4
14900,10
14901,3
14902,10
14903,10
14904,10
14905,2
14906,10
14907,10
14908,2
14909,10
14910,10
14911,5
14912,10
14913,4
14914,7
14915,5
14916,6
14917,10
14918,10
14919,10
14920,5
14921,10
14922,7
14923,10
14924,9
14925,3
14926,10
14927,10
14928,5
14929,2
14930,6
14931,10
14932,10
14933,10
14934,0
14935,10
14936,2
14937,2
14938,6
14939,10
14940,8
14941,8
14942,10
14943,5
14944,9
14945,2
14946,6
14947,2
14948,10
14949,10
14950,10
14951,7
14952,2
14953,0
14954,10
14955,10
14956,10
14957,7
14958,10
14959,10
14960,10
14961,4
14962,10
14963,3
14964,10
14965,10
14966,10
14967,10
14968,10
14969,10
14970,8
14971,10
14972,10
14973,6
14974,10
14975,4
14976,2
14977,2
14978,6
14979,2
14980,10
14981,9
14982,10
14983,6
14984,10
14985,2
14986,10
14987,10
14988,10
14989,10
14990,10
14991,10
14992,10
14993,10
14994,10
14995,10
14996,2
14997,10
14998,10
14999,2
15000,10
15001,10
15002,2
15003,10
15004,2
15005,5
15006,5
15007,10
15008,2
15009,4
15010,6
15011,10
15012,10
15013,7
15014,10
15015,10
15016,2
15017,8
15018,10
15019,10
15020,10
15021,6
15022,2
15023,10
15024,6
15025,10
15026,2
15027,10
15028,10
15029,10
15030,2
15031,6
15032,10
15033,6
15034,2
15035,0
15036,10
15037,2
15038,10
15039,10
15040,10
15041,10
15042,8
15043,10
15044,8
15045,5
15046,10
15047,5
15048,2
15049,9
15050,10
15051,5
15052,10
15053,10
15054,10
15055,10
15056,10
15057,3
15058,2
15059,6
15060,10
15061,7
15062,10
15063,9
15064,2
15065,0
15066,10
15067,7
15068,10
15069,7
15070,5
15071,2
15072,5
15073,8
15074,0
15075,10
15076,10
15077,10
15078,6
15079,2
15080,10
15081,2
15082,10
15083,10
15084,10
15085,10
15086,10
15087,6
15088,4
15089,10
15090,6
15091,10
15092,10
15093,6
15094,2
15095,10
15096,6
15097,9
15098,10
15099,10
15100,10
15101,10
15102,7
15103,10
15104,2
15105,8
15106,2
15107,10
15108,10
15109,10
15110,7
15111,10
15112,10
15113,10
15114,10
15115,10
15116,5
15117,2
15118,0
15119,10
15120,10
15121,9
15122,8
15123,10
15124,10
15125,5
15126,10
15127,10
15128,10
15129,10
15130,8
15131,10
15132,10
15133,7
15134,10
15135,2
15136,2
15137,10
15138,10
15139,2
15140,7
15141,10
15142,10
15143,5
15144,2
15145,4
15146,8
15147,10
15148,6
15149,10
15150,2
15151,10
15152,10
15153,10
15154,2
15155,10
15156,10
15157,2
15158,10
15159,8
15160,0
15161,0
15162,9
15163,6
15164,3
15165,10
15166,2
15167,2
15168,5
15169,10
15170,10
15171,5
15172,5
15173,2
15174,6
15175,10
15176,10
15177,2
15178,10
15179,10
15180,2
15181,8
15182,10
15183,2
15184,10
15185,2
15186,10
15187,10
15188,6
15189,10
15190,10
15191,10
15192,7
15193,10
15194,10
15195,10
15196,2
15197,10
15198,10
15199,5
15200,6
15201,2
15202,8
15203,10
15204,10
15205,5
15206,10
15207,10
15208,9
15209,10
15210,10
15211,10
15212,2
15213,6
15214,0
15215,10
15216,6
15217,5
15218,7
15219,10
15220,10
15221,9
15222,10
15223,10
15224,2
15225,6
15226,4
15227,10
15228,10
15229,10
15230,2
15231,8
15232,10
15233,10
15234,10
15235,0
15236,5
15237,2
15238,6
15239,10
15240,10
15241,10
15242,5
15243,10
15244,10
15245,2
15246,6
15247,9
15248,6
15249,7
15250,10
15251,10
15252,10
15253,5
15254,10
15255,2
15256,10
15257,10
15258,4
15259,10
15260,2
15261,10
15262,2
15263,6
15264,6
15265,6
15266,2
15267,8
15268,10
15269,10
15270,10
15271,5
15272,10
15273,10
15274,10
15275,2
15276,0
15277,4
15278,2
15279,10
15280,7
15281,10
15282,0
15283,8
15284,7
15285,10
15286,10
15287,2
15288,2
15289,6
15290,2
15291,10
15292,2
15293,10
15294,8
15295,7
15296,2
15297,10
15298,6
15299,7
15300,0
15301,10
15302,10
15303,2
15304,6
15305,8
15306,10
15307,10
15308,10
15309,2
15310,10
15311,2
15312,10
15313,6
15314,7
15315,10
15316,2
15317,6
15318,2
15319,6
15320,9
15321,10
15322,7
15323,0
15324,10
15325,10
15326,5
15327,10
15328,2
15329,9
15330,5
15331,10
15332,10
15333,10
15334,2
15335,10
15336,10
15337,2
15338,9
15339,10
15340,10
15341,10
15342,3
15343,10
15344,0
15345,5
15346,3
15347,5
15348,10
15349,10
15350,2
15351,9
15352,5
15353,5
15354,6
15355,2
15356,5
15357,5
15358,8
15359,5
15360,10
15361,10
15362,10
15363,10
15364,6
15365,9
15366,10
15367,6
15368,6
15369,8
15370,9
15371,10
15372,10
15373,10
15374,10
15375,10
15376,2
15377,0
15378,10
15379,10
15380,2
15381,0
15382,7
15383,10
15384,10
15385,5
15386,10
15387,10
15388,10
15389,2
15390,10
15391,8
15392,2
15393,5
15394,10
15395,5
15396,10
15397,10
15398,10
15399,10
15400,2
15401,9
15402,10
15403,10
15404,2
15405,2
15406,10
15407,10
15408,8
15409,2
15410,10
15411,9
15412,2
15413,10
15414,2
15415,10
15416,10
15417,8
15418,10
15419,10
15420,10
15421,10
15422,5
15423,9
15424,10
15425,10
15426,8
15427,7
15428,5
15429,10
15430,10
15431,2
15432,3
15433,10
15434,10
15435,5
15436,10
15437,6
15438,10
15439,10
15440,10
15441,8
15442,5
15443,10
15444,2
15445,0
15446,6
15447,0
15448,10
15449,2
15450,10
15451,10
15452,5
15453,2
15454,2
15455,10
15456,3
15457,10
15458,10
15459,2
15460,10
15461,10
15462,10
15463,8
15464,8
15465,9
15466,10
15467,2
15468,10
15469,0
15470,0
15471,10
15472,10
15473,10
15474,6
15475,10
15476,2
15477,2
15478,10
15479,10
15480,5
15481,10
15482,8
15483,10
15484,8
15485,0
15486,10
15487,10
15488,2
15489,10
15490,4
15491,10
15492,10
15493,2
15494,10
15495,8
15496,9
15497,5
15498,10
15499,7
15500,10
15501,10
15502,8
15503,7
15504,10
15505,2
15506,10
15507,10
15508,9
15509,2
15510,6
15511,5
15512,10
15513,6
15514,9
15515,5
15516,6
15517,10
15518,10
15519,2
15520,10
15521,10
15522,10
15523,10
15524,0
15525,10
15526,2
15527,0
15528,10
15529,10
15530,10
15531,0
15532,0
15533,10
15534,10
15535,10
15536,10
15537,10
15538,2
15539,10
15540,10
15541,8
15542,10
15543,10
15544,10
15545,10
15546,6
15547,6
15548,10
15549,5
15550,10
15551,10
15552,10
15553,10
15554,10
15555,2
15556,10
15557,2
15558,8
15559,8
15560,9
15561,10
15562,6
15563,0
15564,10
15565,7
15566,6
15567,10
15568,2
15569,0
15570,9
15571,10
15572,10
15573,9
15574,10
15575,10
15576,10
15577,10
15578,10
15579,10
15580,6
15581,7
15582,10
15583,10
15584,8
15585,0
15586,2
15587,10
15588,3
15589,9
15590,2
15591,10
15592,0
15593,10
15594,10
15595,10
15596,10
15597,10
15598,10
15599,10
15600,10
15601,7
15602,10
15603,8
15604,10
15605,9
15606,10
15607,2
15608,3
15609,10
15610,10
15611,10
15612,8
15613,2
15614,10
15615,10
15616,10
15617,10
15618,10
15619,10
15620,10
15621,10
15622,9
15623,10
15624,10
15625,5
15626,10
15627,10
15628,10
15629,9
15630,10
15631,10
15632,10
15633,2
15634,10
15635,5
15636,10
15637,5
15638,7
15639,10
15640,10
15641,2
15642,10
15643,6
15644,8
15645,8
15646,5
15647,10
15648,10
15649,10
15650,9
15651,10
15652,10
15653,10
15654,10
15655,0
15656,2
15657,10
15658,6
15659,10
15660,6
15661,10
15662,8
15663,6
15664,10
15665,2
15666,10
15667,2
15668,9
15669,9
15670,6
15671,6
15672,10
15673,6
15674,6
15675,10
15676,10
15677,5
15678,0
15679,6
15680,6
15681,10
15682,10
15683,10
15684,10
15685,6
15686,2
15687,2
15688,5
15689,10
15690,10
15691,4
15692,10
15693,0
15694,5
15695,10
15696,0
15697,0
15698,10
15699,10
15700,10
15701,8
15702,5
15703,10
15704,9
15705,3
15706,10
15707,10
15708,4
15709,10
15710,8
15711,5
15712,10
15713,10
15714,7
15715,10
15716,10
15717,2
15718,8
15719,9
15720,10
15721,10
15722,2
15723,10
15724,10
15725,2
15726,10
15727,9
15728,9
15729,10
15730,10
15731,2
15732,3
15733,10
15734,2
15735,3
15736,10
15737,5
15738,5
15739,8
15740,10
15741,6
15742,10
15743,0
15744,10
15745,2
15746,10
15747,6
15748,10
15749,10
15750,7
15751,10
15752,6
15753,4
15754,2
15755,7
15756,10
15757,10
15758,10
15759,10
15760,2
15761,5
15762,6
15763,10
15764,10
15765,6
15766,10
15767,2
15768,10
15769,8
15770,9
15771,9
15772,10
15773,10
15774,10
15775,8
15776,5
15777,2
15778,2
15779,0
15780,8
15781,2
15782,2
15783,5
15784,10
15785,7
15786,2
15787,2
15788,10
15789,10
15790,10
15791,10
15792,2
15793,9
15794,10
15795,6
15796,3
15797,2
15798,0
15799,2
15800,9
15801,10
15802,10
15803,4
15804,9
15805,8
15806,10
15807,10
15808,2
15809,2
15810,3
15811,10
15812,10
15813,10
15814,7
15815,10
15816,10
15817,10
15818,10
15819,10
15820,10
15821,10
15822,6
15823,4
15824,4
15825,10
15826,0
15827,8
15828,10
15829,10
15830,10
15831,1
15832,2
15833,8
15834,10
15835,10
15836,10
15837,10
15838,10
15839,10
15840,5
15841,10
15842,10
15843,2
15844,8
15845,10
15846,10
15847,10
15848,0
15849,2
15850,10
15851,10
15852,0
15853,0
15854,5
15855,10
15856,10
15857,2
15858,8
15859,2
15860,10
15861,4
15862,10
15863,6
15864,0
15865,9
15866,10
15867,2
15868,10
15869,9
15870,5
15871,10
15872,10
15873,10
15874,10
15875,10
15876,10
15877,2
15878,5
15879,10
15880,9
15881,10
15882,10
15883,10
15884,10
15885,2
15886,10
15887,7
15888,10
15889,10
15890,0
15891,10
15892,10
15893,5
15894,10
15895,6
15896,4
15897,9
15898,6
15899,10
15900,10
15901,2
15902,5
15903,0
15904,8
15905,10
15906,2
15907,10
15908,10
15909,2
15910,7
15911,10
15912,10
15913,2
15914,0
15915,10
15916,10
15917,2
15918,10
15919,8
15920,5
15921,2
15922,6
15923,8
15924,10
15925,10
15926,10
15927,2
15928,10
15929,9
15930,8
15931,10
15932,6
15933,8
15934,2
15935,10
15936,3
15937,10
15938,9
15939,10
15940,10
15941,2
15942,10
15943,5
15944,7
15945,0
15946,5
15947,2
15948,10
15949,10
15950,10
15951,10
15952,10
15953,2
15954,8
15955,10
15956,0
15957,10
15958,3
15959,10
15960,10
15961,3
15962,2
15963,10
15964,7
15965,10
15966,10
15967,10
15968,10
15969,10
15970,10
15971,10
15972,0
15973,9
15974,10
15975,10
15976,8
15977,10
15978,8
15979,6
15980,10
15981,9
15982,10
15983,5
15984,9
15985,10
15986,10
15987,3
15988,2
15989,2
15990,2
15991,8
15992,2
15993,2
15994,10
15995,5
15996,4
15997,10
15998,6
15999,3
16000,10
16001,2
16002,10
16003,2
16004,10
16005,10
16006,2
16007,5
16008,7
16009,10
16010,2
16011,5
16012,10
16013,10
16014,5
16015,2
16016,6
16017,5
16018,10
16019,5
16020,7
16021,10
16022,2
16023,10
16024,10
16025,8
16026,9
16027,8
16028,10
16029,6
16030,10
16031,10
16032,10
16033,2
16034,0
16035,5
16036,9
16037,8
16038,10
16039,2
16040,1
16041,10
16042,10
16043,6
16044,2
16045,10
16046,0
16047,10
16048,8
16049,5
16050,10
16051,10
16052,10
16053,2
16054,2
16055,6
16056,2
16057,10
16058,7
16059,6
16060,8
16061,10
16062,10
16063,10
16064,5
16065,10
16066,9
16067,6
16068,10
16069,2
16070,2
16071,7
16072,0
16073,6
16074,10
16075,3
16076,2
16077,5
16078,5
16079,2
16080,3
16081,6
16082,5
16083,10
16084,8
16085,2
16086,7
16087,0
16088,10
16089,6
16090,10
16091,10
16092,10
16093,9
16094,10
16095,10
16096,2
16097,5
16098,10
16099,5
16100,10
16101,8
16102,10
16103,10
16104,2
16105,10
16106,10
16107,8
16108,2
16109,9
16110,5
16111,5
16112,10
16113,10
16114,2
16115,5
16116,10
16117,10
16118,10
16119,0
16120,10
16121,10
16122,10
16123,2
16124,10
16125,2
16126,10
16127,2
16128,10
16129,10
16130,7
16131,8
16132,6
16133,10
16134,10
16135,5
16136,8
16137,10
16138,10
16139,10
16140,5
16141,10
16142,8
16143,10
16144,10
16145,8
16146,10
16147,8
16148,0
16149,5
16150,5
16151,10
16152,3
16153,10
16154,0
16155,10
16156,10
16157,8
16158,2
16159,10
16160,10
16161,10
16162,2
16163,10
16164,5
16165,10
16166,10
16167,5
16168,10
16169,2
16170,10
16171,10
16172,2
16173,10
16174,10
16175,10
16176,10
16177,10
16178,10
16179,6
16180,10
16181,0
16182,10
16183,5
16184,3
16185,10
16186,6
16187,6
16188,10
16189,9
16190,10
16191,10
16192,5
16193,0
16194,6
16195,10
16196,2
16197,2
16198,8
16199,6
16200,10
16201,10
16202,2
16203,3
16204,7
16205,0
16206,10
16207,10
16208,3
16209,5
16210,6
16211,9
16212,10
16213,10
16214,2
16215,2
16216,7
16217,10
16218,10
16219,10
16220,10
16221,10
16222,10
16223,10
16224,10
16225,2
16226,6
16227,0
16228,1
16229,10
16230,8
16231,10
16232,10
16233,10
16234,2
16235,6
16236,5
16237,10
16238,10
16239,2
16240,9
16241,10
16242,7
16243,10
16244,5
16245,2
16246,9
16247,10
16248,2
16249,9
16250,5
16251,0
16252,5
16253,5
16254,10
16255,10
16256,6
16257,10
16258,10
16259,10
16260,10
16261,2
16262,6
16263,10
16264,9
16265,5
16266,0
16267,6
16268,6
16269,7
16270,10
16271,10
16272,10
16273,3
16274,10
16275,10
16276,10
16277,2
16278,2
16279,10
16280,10
16281,10
16282,10
16283,10
16284,2
16285,10
16286,2
16287,6
16288,10
16289,5
16290,5
16291,5
16292,9
16293,9
16294,9
16295,10
16296,10
16297,5
16298,5
16299,9
16300,10
16301,6
16302,8
16303,7
16304,10
16305,2
16306,8
16307,10
16308,5
16309,2
16310,0
16311,10
16312,7
16313,2
16314,8
16315,10
16316,10
16317,10
16318,10
16319,3
16320,0
16321,2
16322,10
16323,10
16324,10
16325,10
16326,10
16327,7
16328,10
16329,6
16330,5
16331,10
16332,9
16333,10
16334,10
16335,10
16336,10
16337,6
16338,10
16339,8
16340,8
16341,10
16342,5
16343,5
16344,10
16345,10
16346,10
16347,8
16348,10
16349,10
16350,10
16351,2
16352,2
16353,9
16354,10
16355,10
16356,5
16357,10
16358,0
16359,10
16360,10
16361,10
16362,10
16363,5
16364,10
16365,10
16366,2
16367,10
16368,10
16369,8
16370,10
16371,2
16372,10
16373,10
16374,10
16375,6
16376,8
16377,10
16378,10
16379,5
16380,6
16381,10
16382,6
16383,10
16384,10
16385,10
16386,2
16387,6
16388,6
16389,6
16390,10
16391,5
16392,10
16393,4
16394,9
16395,3
16396,10
16397,10
16398,10
16399,10
16400,10
16401,0
16402,10
16403,0
16404,10
16405,2
16406,2
16407,9
16408,2
16409,5
16410,0
16411,10
16412,10
16413,10
16414,7
16415,10
16416,10
16417,10
16418,2
16419,10
16420,10
16421,10
16422,5
16423,10
16424,2
16425,6
16426,5
16427,10
16428,10
16429,5
16430,10
16431,10
16432,2
16433,8
16434,10
16435,10
16436,10
16437,2
16438,3
16439,9
16440,10
16441,6
16442,2
16443,2
16444,10
16445,5
16446,10
16447,7
16448,10
16449,10
16450,6
16451,5
16452,10
16453,10
16454,2
16455,10
16456,10
16457,10
16458,10
16459,2
16460,3
16461,2
16462,10
16463,6
16464,0
16465,10
16466,10
16467,10
16468,5
16469,2
16470,10
16471,6
16472,10
16473,0
16474,2
16475,10
16476,10
16477,6
16478,5
16479,10
16480,10
16481,8
16482,2
16483,4
16484,8
16485,3
16486,10
16487,10
16488,10
16489,10
16490,2
16491,10
16492,10
16493,2
16494,2
16495,10
16496,2
16497,8
16498,2
16499,10
16500,10
16501,10
16502,2
16503,0
16504,10
16505,10
16506,5
16507,10
16508,10
16509,10
16510,2
16511,10
16512,10
16513,0
16514,10
16515,10
16516,10
16517,5
16518,2
16519,10
16520,2
16521,6
16522,2
16523,10
16524,10
16525,10
16526,10
16527,10
16528,10
16529,5
16530,10
16531,0
16532,5
16533,10
16534,2
16535,6
16536,10
16537,10
16538,9
16539,10
16540,8
16541,6
16542,9
16543,6
16544,10
16545,2
16546,2
16547,10
16548,10
16549,10
16550,1
16551,2
16552,10
16553,2
16554,6
16555,10
16556,10
16557,2
16558,10
16559,10
16560,10
16561,10
16562,0
16563,10
16564,10
16565,10
16566,10
16567,10
16568,10
16569,10
16570,10
16571,7
16572,10
16573,3
16574,6
16575,2
16576,6
16577,9
16578,5
16579,10
16580,0
16581,10
16582,10
16583,3
16584,0
16585,8
16586,10
16587,3
16588,3
16589,8
16590,7
16591,10
16592,10
16593,10
16594,7
16595,10
16596,6
16597,2
16598,10
16599,10
16600,5
16601,2
16602,10
16603,10
16604,10
16605,10
16606,4
16607,10
16608,6
16609,10
16610,7
16611,10
16612,8
16613,10
16614,10
16615,10
16616,8
16617,2
16618,5
16619,5
16620,10
16621,10
16622,10
16623,5
16624,10
16625,9
16626,10
16627,10
16628,8
16629,10
16630,10
16631,10
16632,0
16633,6
16634,10
16635,10
16636,6
16637,8
16638,9
16639,10
16640,10
16641,6
16642,10
16643,10
16644,10
16645,6
16646,8
16647,8
16648,10
16649,10
16650,8
16651,7
16652,10
16653,10
16654,10
16655,10
16656,10
16657,2
16658,2
16659,2
16660,3
16661,0
16662,10
16663,8
16664,10
16665,9
16666,0
16667,10
16668,10
16669,7
16670,7
16671,10
16672,10
16673,8
16674,10
16675,2
16676,6
16677,10
16678,10
16679,8
16680,10
16681,10
16682,7
16683,3
16684,10
16685,10
16686,2
16687,9
16688,8
16689,10
16690,5
16691,10
16692,2
16693,10
16694,10
16695,10
16696,3
16697,0
16698,2
16699,2
16700,10
16701,9
16702,0
16703,8
16704,7
16705,10
16706,2
16707,0
16708,0
16709,10
16710,10
16711,10
16712,2
16713,10
16714,2
16715,2
16716,3
16717,2
16718,10
16719,10
16720,8
16721,10
16722,10
16723,10
16724,2
16725,0
16726,7
16727,10
16728,2
16729,10
16730,10
16731,2
16732,7
16733,10
16734,10
16735,6
16736,10
16737,6
16738,2
16739,10
16740,10
16741,10
16742,10
16743,2
16744,2
16745,9
16746,4
16747,10
16748,10
16749,10
16750,7
16751,6
16752,7
16753,10
16754,0
16755,5
16756,2
16757,2
16758,10
16759,6
16760,2
16761,0
16762,10
16763,2
16764,10
16765,10
16766,2
16767,10
16768,2
16769,5
16770,2
16771,10
16772,8
16773,10
16774,10
16775,10
16776,10
16777,2
16778,10
16779,9
16780,8
16781,10
16782,5
16783,10
16784,8
16785,6
16786,10
16787,6
16788,10
16789,10
16790,2
16791,10
16792,10
16793,9
16794,8
16795,5
16796,10
16797,10
16798,10
16799,5
16800,10
16801,8
16802,8
16803,10
16804,6
16805,5
16806,10
16807,10
16808,8
16809,2
16810,9
16811,5
16812,10
16813,10
16814,10
16815,2
16816,10
16817,6
16818,10
16819,2
16820,6
16821,10
16822,10
16823,7
16824,9
16825,3
16826,8
16827,2
16828,2
16829,10
16830,10
16831,10
16832,5
16833,2
16834,9
16835,10
16836,6
16837,10
16838,10
16839,0
16840,0
16841,10
16842,6
16843,10
16844,3
16845,10
16846,6
16847,10
16848,10
16849,8
16850,10
16851,10
16852,10
16853,10
16854,0
16855,5
16856,10
16857,2
16858,5
16859,5
16860,2
16861,10
16862,6
16863,2
16864,10
16865,10
16866,10
16867,10
16868,2
16869,10
16870,5
16871,10
16872,10
16873,2
16874,10
16875,10
16876,10
16877,10
16878,6
16879,10
16880,10
16881,10
16882,6
16883,3
16884,10
16885,10
16886,10
16887,10
16888,6
16889,10
16890,2
16891,8
16892,3
16893,4
16894,10
16895,10
16896,10
16897,10
16898,8
16899,8
16900,10
16901,5
16902,10
16903,6
16904,10
16905,6
16906,6
16907,8
16908,2
16909,10
16910,2
16911,5
16912,10
16913,10
16914,3
16915,10
16916,10
16917,7
16918,10
16919,5
16920,0
16921,3
16922,10
16923,6
16924,9
16925,0
16926,2
16927,5
16928,6
16929,8
16930,5
16931,10
16932,10
16933,10
16934,2
16935,10
16936,4
16937,10
16938,10
16939,2
16940,2
16941,2
16942,8
16943,0
16944,10
16945,4
16946,7
16947,10
16948,2
16949,9
16950,10
16951,10
16952,10
16953,2
16954,5
16955,7
16956,3
16957,10
16958,2
16959,10
16960,8
16961,2
16962,10
16963,10
16964,2
16965,10
16966,8
16967,8
16968,6
16969,0
16970,2
16971,5
16972,2
16973,10
16974,0
16975,6
16976,5
16977,10
16978,10
16979,0
16980,6
16981,5
16982,10
16983,10
16984,2
16985,7
16986,10
16987,7
16988,10
16989,8
16990,9
16991,10
16992,10
16993,10
16994,10
16995,10
16996,2
16997,7
16998,10
16999,10
17000,8
17001,10
17002,2
17003,10
17004,10
17005,10
17006,10
17007,5
17008,6
17009,10
17010,2
17011,10
17012,10
17013,8
17014,8
17015,2
17016,10
17017,2
17018,10
17019,9
17020,6
17021,10
17022,10
17023,2
17024,0
17025,10
17026,2
17027,10
17028,6
17029,10
17030,10
17031,10
17032,2
17033,10
17034,0
17035,8
17036,10
17037,10
17038,8
17039,5
17040,10
17041,7
17042,10
17043,8
17044,10
17045,2
17046,2
17047,6
17048,2
17049,8
17050,0
17051,0
17052,7
17053,10
17054,2
17055,8
17056,10
17057,10
17058,10
17059,10
17060,6
17061,10
17062,10
17063,2
17064,10
17065,6
17066,5
17067,9
17068,0
17069,2
17070,10
17071,10
17072,10
17073,8
17074,10
17075,3
17076,6
17077,10
17078,2
17079,2
17080,10
17081,6
17082,2
17083,0
17084,3
17085,10
17086,0
17087,10
17088,10
17089,2
17090,0
17091,10
17092,2
17093,10
17094,2
17095,8
17096,0
17097,10
17098,10
17099,2
17100,10
17101,8
17102,5
17103,10
17104,10
17105,3
17106,2
17107,0
17108,10
17109,10
17110,10
17111,10
17112,10
17113,2
17114,10
17115,10
17116,0
17117,8
17118,2
17119,2
17120,10
17121,10
17122,4
17123,10
17124,10
17125,3
17126,0
17127,10
17128,4
17129,10
17130,2
17131,2
17132,7
17133,5
17134,2
17135,5
17136,5
17137,5
17138,10
17139,5
17140,10
17141,10
17142,10
17143,10
17144,10
17145,9
17146,10
17147,10
17148,10
17149,10
17150,2
17151,6
17152,10
17153,10
17154,3
17155,7
17156,8
17157,10
17158,2
17159,10
17160,7
17161,6
17162,2
17163,6
17164,7
17165,2
17166,2
17167,10
17168,0
17169,8
17170,10
17171,0
17172,10
17173,10
17174,10
17175,10
17176,2
17177,8
17178,2
17179,5
17180,10
17181,10
17182,10
17183,2
17184,2
17185,10
17186,10
17187,10
17188,0
17189,2
17190,10
17191,10
17192,2
17193,5
17194,2
17195,6
17196,10
17197,10
17198,10
17199,10
17200,10
17201,5
17202,10
17203,2
17204,10
17205,10
17206,10
17207,10
17208,10
17209,8
17210,10
17211,2
17212,6
17213,2
17214,5
17215,10
17216,9
17217,10
17218,2
17219,0
17220,10
17221,10
17222,10
17223,10
17224,2
17225,10
17226,10
17227,10
17228,4
17229,5
17230,2
17231,2
17232,2
17233,10
17234,10
17235,2
17236,2
17237,10
17238,0
17239,10
17240,3
17241,10
17242,10
17243,5
17244,10
17245,8
17246,10
17247,10
17248,2
17249,2
17250,2
17251,2
17252,10
17253,10
17254,10
17255,10
17256,2
17257,10
17258,2
17259,2
17260,10
17261,10
17262,10
17263,10
17264,2
17265,10
17266,10
17267,10
17268,10
17269,10
17270,10
17271,9
17272,2
17273,10
17274,2
17275,10
17276,10
17277,0
17278,6
17279,2
17280,10
17281,10
17282,0
17283,7
17284,3
17285,5
17286,2
17287,6
17288,10
17289,10
17290,10
17291,10
17292,8
17293,5
17294,10
17295,10
17296,2
17297,10
17298,9
17299,5
17300,10
17301,0
17302,10
17303,0
17304,10
17305,10
17306,6
17307,3
17308,2
17309,10
17310,8
17311,6
17312,2
17313,10
17314,2
17315,5
17316,10
17317,10
17318,7
17319,9
17320,10
17321,2
17322,2
17323,2
17324,10
17325,0
17326,3
17327,10
17328,10
17329,9
17330,10
17331,8
17332,5
17333,10
17334,6
17335,2
17336,8
17337,0
17338,10
17339,10
17340,10
17341,2
17342,2
17343,10
17344,2
17345,10
17346,6
17347,10
17348,10
17349,10
17350,10
17351,10
17352,6
17353,10
17354,10
17355,5
17356,6
17357,10
17358,10
17359,9
17360,10
17361,10
17362,10
17363,10
17364,5
17365,10
17366,10
17367,8
17368,10
17369,10
17370,3
17371,2
17372,10
17373,10
17374,10
17375,10
17376,6
17377,2
17378,10
17379,10
17380,5
17381,5
17382,0
17383,6
17384,5
17385,10
17386,2
17387,10
17388,10
17389,10
17390,10
17391,10
17392,6
17393,10
17394,8
17395,10
17396,8
17397,10
17398,5
17399,5
17400,10
17401,10
17402,7
17403,10
17404,10
17405,10
17406,10
17407,10
17408,10
17409,4
17410,10
17411,5
17412,10
17413,2
17414,10
17415,3
17416,10
17417,0
17418,10
17419,9
17420,2
17421,2
17422,10
17423,10
17424,8
17425,6
17426,4
17427,2
17428,10
17429,10
17430,10
17431,7
17432,10
17433,8
17434,2
17435,10
17436,2
17437,2
17438,2
17439,0
17440,0
17441,6
17442,5
17443,10
17444,10
17445,10
17446,8
17447,10
17448,10
17449,10
17450,10
17451,10
17452,10
17453,4
17454,7
17455,3
17456,2
17457,7
17458,6
17459,5
17460,8
17461,10
17462,5
17463,6
17464,10
17465,10
17466,10
17467,10
17468,5
17469,10
17470,10
17471,10
17472,10
17473,2
17474,2
17475,5
17476,0
17477,2
17478,5
17479,5
17480,10
17481,6
17482,10
17483,8
17484,7
17485,0
17486,6
17487,10
17488,0
17489,2
17490,2
17491,3
17492,10
17493,10
17494,10
17495,10
17496,10
17497,0
17498,10
17499,10
17500,9
17501,10
17502,10
17503,5
17504,10
17505,10
17506,5
17507,8
17508,4
17509,5
17510,5
17511,2
17512,2
17513,8
17514,6
17515,10
17516,10
17517,10
17518,10
17519,10
17520,4
17521,3
17522,0
17523,10
17524,10
17525,10
17526,2
17527,10
17528,10
17529,10
17530,5
17531,10
17532,10
17533,2
17534,10
17535,6
17536,2
17537,6
17538,10
17539,10
17540,2
17541,10
17542,6
17543,2
17544,10
17545,6
17546,8
17547,10
17548,4
17549,2
17550,2
17551,8
17552,0
17553,10
17554,2
17555,10
17556,6
17557,10
17558,10
17559,10
17560,2
17561,8
17562,5
17563,9
17564,4
17565,10
17566,10
17567,10
17568,0
17569,10
17570,2
17571,10
17572,10
17573,6
17574,10
17575,10
17576,10
17577,8
17578,7
17579,10
17580,10
17581,0
17582,8
17583,2
17584,6
17585,10
17586,10
17587,10
17588,10
17589,0
17590,8
17591,2
17592,10
17593,2
17594,10
17595,6
17596,10
17597,8
17598,10
17599,10
17600,7
17601,2
17602,10
17603,4
17604,10
17605,10
17606,10
17607,10
17608,8
17609,8
17610,10
17611,8
17612,10
17613,7
17614,10
17615,10
17616,2
17617,5
17618,2
17619,10
17620,10
17621,5
17622,10
17623,8
17624,0
17625,8
17626,2
17627,0
17628,5
17629,0
17630,10
17631,2
17632,10
17633,2
17634,10
17635,2
17636,2
17637,2
17638,10
17639,10
17640,2
17641,10
17642,6
17643,5
17644,0
17645,2
17646,10
17647,10
17648,2
17649,10
17650,2
17651,2
17652,10
17653,10
17654,2
17655,10
17656,10
17657,10
17658,9
17659,2
17660,10
17661,10
17662,5
17663,10
17664,2
17665,10
17666,10
17667,10
17668,2
17669,0
17670,10
17671,10
17672,2
17673,0
17674,8
17675,10
17676,6
17677,10
17678,10
17679,10
17680,10
17681,10
17682,10
17683,5
17684,10
17685,2
17686,10
17687,0
17688,10
17689,10
17690,0
17691,10
17692,10
17693,10
17694,4
17695,10
17696,10
17697,10
17698,10
17699,2
17700,5
17701,9
17702,8
17703,10
17704,10
17705,10
17706,5
17707,10
17708,2
17709,2
17710,10
17711,0
17712,10
17713,10
17714,7
17715,10
17716,9
17717,10
17718,10
17719,10
17720,2
17721,10
17722,9
17723,2
17724,2
17725,8
17726,8
17727,10
17728,7
17729,5
17730,8
17731,8
17732,10
17733,0
17734,6
17735,10
17736,8
17737,10
17738,10
17739,10
17740,10
17741,10
17742,0
17743,2
17744,8
17745,0
17746,10
17747,2
17748,10
17749,10
17750,10
17751,2
17752,10
17753,6
17754,10
17755,2
17756,2
17757,10
17758,5
17759,6
17760,10
17761,10
17762,10
17763,10
17764,10
17765,10
17766,10
17767,8
17768,10
17769,10
17770,6
17771,7
17772,2
17773,2
17774,9
17775,10
17776,6
17777,10
17778,0
17779,10
17780,10
17781,10
17782,10
17783,2
17784,10
17785,2
17786,5
17787,10
17788,10
17789,10
17790,8
17791,5
17792,7
17793,10
17794,10
17795,10
17796,6
17797,2
17798,5
17799,6
17800,10
17801,6
17802,10
17803,10
17804,10
17805,2
17806,10
17807,10
17808,2
17809,10
17810,2
17811,5
17812,5
17813,8
17814,10
17815,5
17816,0
17817,10
17818,10
17819,10
17820,10
17821,5
17822,10
17823,5
17824,10
17825,10
17826,3
17827,10
17828,10
17829,6
17830,10
17831,10
17832,2
17833,10
17834,7
17835,10
17836,10
17837,5
17838,8
17839,8
17840,10
17841,2
17842,2
17843,10
17844,10
17845,6
17846,10
17847,8
17848,10
17849,10
17850,10
17851,10
17852,10
17853,10
17854,8
17855,10
17856,2
17857,0
17858,10
17859,10
17860,9
17861,10
17862,10
17863,2
17864,10
17865,10
17866,10
17867,2
17868,8
17869,10
17870,6
17871,6
17872,6
17873,10
17874,0
17875,10
17876,7
17877,0
17878,10
17879,2
17880,10
17881,0
17882,10
17883,10
17884,5
17885,2
17886,5
17887,6
17888,3
17889,10
17890,10
17891,10
17892,10
17893,0
17894,10
17895,2
17896,5
17897,10
17898,10
17899,2
17900,10
17901,9
17902,10
17903,10
17904,6
17905,10
17906,0
17907,6
17908,3
17909,10
17910,10
17911,10
17912,6
17913,10
17914,9
17915,10
17916,8
17917,9
17918,10
17919,10
17920,10
17921,10
17922,10
17923,9
17924,2
17925,6
17926,10
17927,10
17928,10
17929,2
17930,2
17931,2
17932,10
17933,10
17934,10
17935,9
17936,10
17937,10
17938,10
17939,10
17940,10
17941,10
17942,10
17943,3
17944,10
17945,2
17946,10
17947,0
17948,8
17949,10
17950,10
17951,10
17952,8
17953,6
17954,10
17955,10
17956,10
17957,4
17958,10
17959,2
17960,7
17961,8
17962,10
17963,5
17964,0
17965,10
17966,10
17967,2
17968,2
17969,10
17970,2
17971,10
17972,10
17973,10
17974,2
17975,5
17976,10
17977,10
17978,10
17979,10
17980,10
17981,8
17982,2
17983,10
17984,10
17985,3
17986,10
17987,2
17988,8
17989,10
17990,5
17991,2
17992,10
17993,5
17994,6
17995,2
17996,2
